{
  "version": 1,
  "author": "Nguyễn Hữu Quang Minh",
  "editor": "wokwi",
  "parts": [
    { "type": "board-esp32-devkit-c-v4", "id": "esp", "top": -10, "left": -150, "attrs": {} },
    { "type": "wokwi-led", "id": "led1", "top": 30, "left": -50, "attrs": { "color": "green" } }
  ],
  "connections": [
    [ "esp:TX", "$serialMonitor:RX", "", [] ],
    [ "esp:RX", "$serialMonitor:TX", "", [] ],
    [ "led1:A", "esp:2", "green", [] ],
    [ "led1:C", "esp:GND.1", "black", [] ]
  ],
  "dependencies": {}
}
